Count,"IP Address",Browser,"Operating System",Country,Region,City,ZIP,Latitude,Longitude,ISP,Organization,AS,Timestamp
1,::1,Chrome,Windows,Unknown,Unknown,Unknown,Unknown,Unknown,Unknown,Unknown,Unknown,Unknown,"2024-08-11 09:20:49"
2,::1,Chrome,Windows,Unknown,Unknown,Unknown,Unknown,Unknown,Unknown,Unknown,Unknown,Unknown,"2024-08-11 09:27:26"
3,::1,Chrome,Windows,Unknown,Unknown,Unknown,Unknown,Unknown,Unknown,Unknown,Unknown,Unknown,"2024-08-11 09:27:29"
4,::1,Chrome,Windows,Unknown,Unknown,Unknown,Unknown,Unknown,Unknown,Unknown,Unknown,Unknown,"2024-08-11 09:28:10"
5,::1,Chrome,Windows,Unknown,Unknown,Unknown,Unknown,Unknown,Unknown,Unknown,Unknown,Unknown,"2024-08-11 09:28:27"
6,::1,Chrome,Windows,Unknown,Unknown,Unknown,Unknown,Unknown,Unknown,Unknown,Unknown,Unknown,"2024-08-11 09:28:54"
7,::1,Chrome,Windows,Unknown,Unknown,Unknown,Unknown,Unknown,Unknown,Unknown,Unknown,Unknown,"2024-08-11 09:30:57"
8,::1,Chrome,Windows,Unknown,Unknown,Unknown,Unknown,Unknown,Unknown,Unknown,Unknown,Unknown,"2024-08-11 09:31:09"
9,::1,Chrome,Windows,Unknown,Unknown,Unknown,Unknown,Unknown,Unknown,Unknown,Unknown,Unknown,"2024-08-11 09:32:15"
10,::1,Chrome,Windows,Unknown,Unknown,Unknown,Unknown,Unknown,Unknown,Unknown,Unknown,Unknown,"2024-08-11 09:32:21"
11,::1,Chrome,Windows,Unknown,Unknown,Unknown,Unknown,Unknown,Unknown,Unknown,Unknown,Unknown,"2024-08-11 09:32:30"
12,::1,Chrome,Windows,Unknown,Unknown,Unknown,Unknown,Unknown,Unknown,Unknown,Unknown,Unknown,"2024-08-11 09:32:40"
13,::1,Chrome,Windows,Unknown,Unknown,Unknown,Unknown,Unknown,Unknown,Unknown,Unknown,Unknown,"2024-08-11 09:32:41"
14,::1,Chrome,Windows,Unknown,Unknown,Unknown,Unknown,Unknown,Unknown,Unknown,Unknown,Unknown,"2024-08-11 09:32:44"
15,::1,Chrome,Windows,Unknown,Unknown,Unknown,Unknown,Unknown,Unknown,Unknown,Unknown,Unknown,"2024-08-11 09:32:48"
16,::1,Chrome,Windows,Unknown,Unknown,Unknown,Unknown,Unknown,Unknown,Unknown,Unknown,Unknown,"2024-08-11 09:32:53"
17,::1,Chrome,Windows,Unknown,Unknown,Unknown,Unknown,Unknown,Unknown,Unknown,Unknown,Unknown,"2024-08-11 09:33:03"
18,::1,Chrome,Windows,Unknown,Unknown,Unknown,Unknown,Unknown,Unknown,Unknown,Unknown,Unknown,"2024-08-11 09:33:08"
19,::1,Chrome,Windows,Unknown,Unknown,Unknown,Unknown,Unknown,Unknown,Unknown,Unknown,Unknown,"2024-08-11 09:33:12"
20,::1,Chrome,Windows,Unknown,Unknown,Unknown,Unknown,Unknown,Unknown,Unknown,Unknown,Unknown,"2024-08-11 09:33:16"
21,::1,Chrome,Windows,Unknown,Unknown,Unknown,Unknown,Unknown,Unknown,Unknown,Unknown,Unknown,"2024-08-11 09:33:21"
22,::1,Chrome,Windows,Unknown,Unknown,Unknown,Unknown,Unknown,Unknown,Unknown,Unknown,Unknown,"2024-08-11 09:33:27"
23,::1,Chrome,Windows,Unknown,Unknown,Unknown,Unknown,Unknown,Unknown,Unknown,Unknown,Unknown,"2024-08-11 09:33:30"
24,::1,Chrome,Windows,Unknown,Unknown,Unknown,Unknown,Unknown,Unknown,Unknown,Unknown,Unknown,"2024-08-11 09:33:34"
25,::1,Chrome,Windows,Unknown,Unknown,Unknown,Unknown,Unknown,Unknown,Unknown,Unknown,Unknown,"2024-08-11 09:33:38"
26,::1,Chrome,Windows,Unknown,Unknown,Unknown,Unknown,Unknown,Unknown,Unknown,Unknown,Unknown,"2024-08-11 09:35:31"
27,::1,Chrome,Windows,Unknown,Unknown,Unknown,Unknown,Unknown,Unknown,Unknown,Unknown,Unknown,"2024-08-11 09:35:35"
28,::1,Chrome,Windows,Unknown,Unknown,Unknown,Unknown,Unknown,Unknown,Unknown,Unknown,Unknown,"2024-08-11 09:35:38"
29,::1,Chrome,Windows,Unknown,Unknown,Unknown,Unknown,Unknown,Unknown,Unknown,Unknown,Unknown,"2024-08-11 09:35:41"
30,::1,Chrome,Windows,Unknown,Unknown,Unknown,Unknown,Unknown,Unknown,Unknown,Unknown,Unknown,"2024-08-11 09:35:44"
31,::1,Chrome,Windows,Unknown,Unknown,Unknown,Unknown,Unknown,Unknown,Unknown,Unknown,Unknown,"2024-08-11 09:35:49"
32,::1,Chrome,Windows,Unknown,Unknown,Unknown,Unknown,Unknown,Unknown,Unknown,Unknown,Unknown,"2024-08-11 09:35:56"
33,::1,Chrome,Windows,Unknown,Unknown,Unknown,Unknown,Unknown,Unknown,Unknown,Unknown,Unknown,"2024-08-11 09:36:02"
34,::1,Chrome,Windows,Unknown,Unknown,Unknown,Unknown,Unknown,Unknown,Unknown,Unknown,Unknown,"2024-08-11 09:36:05"
35,::1,Chrome,Windows,Unknown,Unknown,Unknown,Unknown,Unknown,Unknown,Unknown,Unknown,Unknown,"2024-08-11 09:36:10"
36,::1,Chrome,Windows,Unknown,Unknown,Unknown,Unknown,Unknown,Unknown,Unknown,Unknown,Unknown,"2024-08-11 09:41:47"
37,::1,Chrome,Windows,Unknown,Unknown,Unknown,Unknown,Unknown,Unknown,Unknown,Unknown,Unknown,"2024-08-11 09:41:49"
38,::1,Chrome,Windows,Unknown,Unknown,Unknown,Unknown,Unknown,Unknown,Unknown,Unknown,Unknown,"2024-08-11 09:41:55"
39,::1,Chrome,Windows,Unknown,Unknown,Unknown,Unknown,Unknown,Unknown,Unknown,Unknown,Unknown,"2024-08-11 09:41:58"
40,::1,Chrome,Windows,Unknown,Unknown,Unknown,Unknown,Unknown,Unknown,Unknown,Unknown,Unknown,"2024-08-11 09:42:00"
41,::1,Chrome,Windows,Unknown,Unknown,Unknown,Unknown,Unknown,Unknown,Unknown,Unknown,Unknown,"2024-08-11 09:42:03"
42,::1,Chrome,Windows,Unknown,Unknown,Unknown,Unknown,Unknown,Unknown,Unknown,Unknown,Unknown,"2024-08-11 09:42:08"
43,::1,Chrome,Windows,Unknown,Unknown,Unknown,Unknown,Unknown,Unknown,Unknown,Unknown,Unknown,"2024-08-11 09:42:12"
44,::1,Chrome,Windows,Unknown,Unknown,Unknown,Unknown,Unknown,Unknown,Unknown,Unknown,Unknown,"2024-08-11 09:42:17"
45,::1,Chrome,Windows,Unknown,Unknown,Unknown,Unknown,Unknown,Unknown,Unknown,Unknown,Unknown,"2024-08-11 09:42:21"
46,::1,Chrome,Windows,Unknown,Unknown,Unknown,Unknown,Unknown,Unknown,Unknown,Unknown,Unknown,"2024-08-11 09:42:25"
47,::1,Chrome,Windows,Unknown,Unknown,Unknown,Unknown,Unknown,Unknown,Unknown,Unknown,Unknown,"2024-08-11 09:42:30"
48,::1,Chrome,Windows,Unknown,Unknown,Unknown,Unknown,Unknown,Unknown,Unknown,Unknown,Unknown,"2024-08-11 09:42:35"
49,::1,Chrome,Windows,Unknown,Unknown,Unknown,Unknown,Unknown,Unknown,Unknown,Unknown,Unknown,"2024-08-11 09:49:16"
50,::1,Chrome,Windows,Unknown,Unknown,Unknown,Unknown,Unknown,Unknown,Unknown,Unknown,Unknown,"2024-08-11 15:06:10"
51,::1,Chrome,Windows,Unknown,Unknown,Unknown,Unknown,Unknown,Unknown,Unknown,Unknown,Unknown,"2024-08-11 15:43:44"
52,::1,Chrome,Windows,Unknown,Unknown,Unknown,Unknown,Unknown,Unknown,Unknown,Unknown,Unknown,"2024-08-11 15:58:51"
53,::1,Chrome,Windows,Unknown,Unknown,Unknown,Unknown,Unknown,Unknown,Unknown,Unknown,Unknown,"2024-08-11 15:59:18"
54,::1,Chrome,Windows,Unknown,Unknown,Unknown,Unknown,Unknown,Unknown,Unknown,Unknown,Unknown,"2024-08-11 15:59:30"
55,::1,Chrome,Windows,Unknown,Unknown,Unknown,Unknown,Unknown,Unknown,Unknown,Unknown,Unknown,"2024-08-11 16:05:10"
56,::1,Chrome,Windows,Unknown,Unknown,Unknown,Unknown,Unknown,Unknown,Unknown,Unknown,Unknown,"2024-08-11 16:05:22"
57,::1,Chrome,Windows,Unknown,Unknown,Unknown,Unknown,Unknown,Unknown,Unknown,Unknown,Unknown,"2024-08-11 16:05:55"
58,::1,Chrome,Windows,Unknown,Unknown,Unknown,Unknown,Unknown,Unknown,Unknown,Unknown,Unknown,"2024-08-11 16:06:04"
59,::1,Chrome,Windows,Unknown,Unknown,Unknown,Unknown,Unknown,Unknown,Unknown,Unknown,Unknown,"2024-08-11 16:07:01"
60,::1,Chrome,Windows,Unknown,Unknown,Unknown,Unknown,Unknown,Unknown,Unknown,Unknown,Unknown,"2024-08-11 16:07:16"
61,::1,Chrome,Windows,Unknown,Unknown,Unknown,Unknown,Unknown,Unknown,Unknown,Unknown,Unknown,"2024-08-11 16:07:18"
62,::1,Chrome,Windows,Unknown,Unknown,Unknown,Unknown,Unknown,Unknown,Unknown,Unknown,Unknown,"2024-08-11 16:07:18"
63,::1,Chrome,Windows,Unknown,Unknown,Unknown,Unknown,Unknown,Unknown,Unknown,Unknown,Unknown,"2024-08-11 16:07:55"
64,::1,Chrome,Windows,Unknown,Unknown,Unknown,Unknown,Unknown,Unknown,Unknown,Unknown,Unknown,"2024-08-11 16:07:55"
65,::1,Chrome,Windows,Unknown,Unknown,Unknown,Unknown,Unknown,Unknown,Unknown,Unknown,Unknown,"2024-08-11 16:07:59"
66,::1,Chrome,Windows,Unknown,Unknown,Unknown,Unknown,Unknown,Unknown,Unknown,Unknown,Unknown,"2024-08-11 16:07:59"
67,::1,Chrome,Windows,Unknown,Unknown,Unknown,Unknown,Unknown,Unknown,Unknown,Unknown,Unknown,"2024-08-11 16:08:10"
68,::1,Chrome,Windows,Unknown,Unknown,Unknown,Unknown,Unknown,Unknown,Unknown,Unknown,Unknown,"2024-08-11 16:08:10"
69,::1,Chrome,Windows,Unknown,Unknown,Unknown,Unknown,Unknown,Unknown,Unknown,Unknown,Unknown,"2024-08-11 16:08:18"
70,::1,Chrome,Windows,Unknown,Unknown,Unknown,Unknown,Unknown,Unknown,Unknown,Unknown,Unknown,"2024-08-11 16:08:18"
71,::1,Chrome,Windows,Unknown,Unknown,Unknown,Unknown,Unknown,Unknown,Unknown,Unknown,Unknown,"2024-08-11 16:08:19"
72,::1,Chrome,Windows,Unknown,Unknown,Unknown,Unknown,Unknown,Unknown,Unknown,Unknown,Unknown,"2024-08-11 16:08:25"
73,::1,Chrome,Windows,Unknown,Unknown,Unknown,Unknown,Unknown,Unknown,Unknown,Unknown,Unknown,"2024-08-11 16:08:25"
74,::1,Chrome,Windows,Unknown,Unknown,Unknown,Unknown,Unknown,Unknown,Unknown,Unknown,Unknown,"2024-08-11 16:08:27"
75,::1,Chrome,Windows,Unknown,Unknown,Unknown,Unknown,Unknown,Unknown,Unknown,Unknown,Unknown,"2024-08-11 16:08:27"
76,::1,Chrome,Windows,Unknown,Unknown,Unknown,Unknown,Unknown,Unknown,Unknown,Unknown,Unknown,"2024-08-11 16:08:31"
77,::1,Chrome,Windows,Unknown,Unknown,Unknown,Unknown,Unknown,Unknown,Unknown,Unknown,Unknown,"2024-08-11 16:08:33"
78,::1,Chrome,Windows,Unknown,Unknown,Unknown,Unknown,Unknown,Unknown,Unknown,Unknown,Unknown,"2024-08-11 16:09:15"
79,::1,Chrome,Windows,Unknown,Unknown,Unknown,Unknown,Unknown,Unknown,Unknown,Unknown,Unknown,"2024-08-11 16:09:15"
80,::1,Chrome,Windows,Unknown,Unknown,Unknown,Unknown,Unknown,Unknown,Unknown,Unknown,Unknown,"2024-08-11 16:09:15"
81,::1,Chrome,Windows,Unknown,Unknown,Unknown,Unknown,Unknown,Unknown,Unknown,Unknown,Unknown,"2024-08-11 16:09:15"
82,::1,Chrome,Windows,Unknown,Unknown,Unknown,Unknown,Unknown,Unknown,Unknown,Unknown,Unknown,"2024-08-11 16:09:19"
83,::1,Chrome,Windows,Unknown,Unknown,Unknown,Unknown,Unknown,Unknown,Unknown,Unknown,Unknown,"2024-08-11 16:09:19"
84,::1,Chrome,Windows,Unknown,Unknown,Unknown,Unknown,Unknown,Unknown,Unknown,Unknown,Unknown,"2024-08-11 16:09:22"
85,::1,Chrome,Windows,Unknown,Unknown,Unknown,Unknown,Unknown,Unknown,Unknown,Unknown,Unknown,"2024-08-11 16:09:22"
86,::1,Chrome,Windows,Unknown,Unknown,Unknown,Unknown,Unknown,Unknown,Unknown,Unknown,Unknown,"2024-08-11 16:09:24"
87,::1,Chrome,Windows,Unknown,Unknown,Unknown,Unknown,Unknown,Unknown,Unknown,Unknown,Unknown,"2024-08-11 16:09:30"
88,::1,Chrome,Windows,Unknown,Unknown,Unknown,Unknown,Unknown,Unknown,Unknown,Unknown,Unknown,"2024-08-11 16:09:30"
89,::1,Chrome,Windows,Unknown,Unknown,Unknown,Unknown,Unknown,Unknown,Unknown,Unknown,Unknown,"2024-08-11 16:09:36"
90,::1,Chrome,Windows,Unknown,Unknown,Unknown,Unknown,Unknown,Unknown,Unknown,Unknown,Unknown,"2024-08-11 16:09:36"
91,::1,Chrome,Windows,Unknown,Unknown,Unknown,Unknown,Unknown,Unknown,Unknown,Unknown,Unknown,"2024-08-11 16:10:21"
92,::1,Chrome,Windows,Unknown,Unknown,Unknown,Unknown,Unknown,Unknown,Unknown,Unknown,Unknown,"2024-08-11 16:10:55"
93,::1,Chrome,Windows,Unknown,Unknown,Unknown,Unknown,Unknown,Unknown,Unknown,Unknown,Unknown,"2024-08-11 16:10:55"
94,::1,Chrome,Windows,Unknown,Unknown,Unknown,Unknown,Unknown,Unknown,Unknown,Unknown,Unknown,"2024-08-11 16:11:01"
95,::1,Chrome,Windows,Unknown,Unknown,Unknown,Unknown,Unknown,Unknown,Unknown,Unknown,Unknown,"2024-08-11 16:11:01"
96,::1,Chrome,Windows,Unknown,Unknown,Unknown,Unknown,Unknown,Unknown,Unknown,Unknown,Unknown,"2024-08-11 16:11:05"
97,::1,Chrome,Windows,Unknown,Unknown,Unknown,Unknown,Unknown,Unknown,Unknown,Unknown,Unknown,"2024-08-11 16:11:05"
98,::1,Chrome,Windows,Unknown,Unknown,Unknown,Unknown,Unknown,Unknown,Unknown,Unknown,Unknown,"2024-08-11 16:11:13"
99,::1,Chrome,Windows,Unknown,Unknown,Unknown,Unknown,Unknown,Unknown,Unknown,Unknown,Unknown,"2024-08-11 16:11:13"
100,::1,Chrome,Windows,Unknown,Unknown,Unknown,Unknown,Unknown,Unknown,Unknown,Unknown,Unknown,"2024-08-11 16:11:22"
101,::1,Chrome,Windows,Unknown,Unknown,Unknown,Unknown,Unknown,Unknown,Unknown,Unknown,Unknown,"2024-08-11 16:11:22"
102,::1,Chrome,Windows,Unknown,Unknown,Unknown,Unknown,Unknown,Unknown,Unknown,Unknown,Unknown,"2024-08-11 16:11:36"
103,::1,Chrome,Windows,Unknown,Unknown,Unknown,Unknown,Unknown,Unknown,Unknown,Unknown,Unknown,"2024-08-11 16:11:36"
104,::1,Chrome,Windows,Unknown,Unknown,Unknown,Unknown,Unknown,Unknown,Unknown,Unknown,Unknown,"2024-08-11 16:11:37"
105,::1,Chrome,Windows,Unknown,Unknown,Unknown,Unknown,Unknown,Unknown,Unknown,Unknown,Unknown,"2024-08-11 16:11:38"
106,::1,Chrome,Windows,Unknown,Unknown,Unknown,Unknown,Unknown,Unknown,Unknown,Unknown,Unknown,"2024-08-11 16:12:00"
107,::1,Chrome,Windows,Unknown,Unknown,Unknown,Unknown,Unknown,Unknown,Unknown,Unknown,Unknown,"2024-08-11 16:12:00"
108,::1,Chrome,Windows,Unknown,Unknown,Unknown,Unknown,Unknown,Unknown,Unknown,Unknown,Unknown,"2024-08-11 16:12:24"
109,::1,Chrome,Windows,Unknown,Unknown,Unknown,Unknown,Unknown,Unknown,Unknown,Unknown,Unknown,"2024-08-11 16:12:24"
110,::1,Chrome,Windows,Unknown,Unknown,Unknown,Unknown,Unknown,Unknown,Unknown,Unknown,Unknown,"2024-08-11 16:12:29"
111,::1,Chrome,Windows,Unknown,Unknown,Unknown,Unknown,Unknown,Unknown,Unknown,Unknown,Unknown,"2024-08-11 16:12:29"
112,::1,Chrome,Windows,Unknown,Unknown,Unknown,Unknown,Unknown,Unknown,Unknown,Unknown,Unknown,"2024-08-11 16:13:18"
113,::1,Chrome,Windows,Unknown,Unknown,Unknown,Unknown,Unknown,Unknown,Unknown,Unknown,Unknown,"2024-08-11 16:13:18"
114,::1,Chrome,Windows,Unknown,Unknown,Unknown,Unknown,Unknown,Unknown,Unknown,Unknown,Unknown,"2024-08-11 16:13:26"
115,::1,Chrome,Windows,Unknown,Unknown,Unknown,Unknown,Unknown,Unknown,Unknown,Unknown,Unknown,"2024-08-11 16:14:25"
116,::1,Chrome,Windows,Unknown,Unknown,Unknown,Unknown,Unknown,Unknown,Unknown,Unknown,Unknown,"2024-08-11 16:14:25"
117,::1,Chrome,Windows,Unknown,Unknown,Unknown,Unknown,Unknown,Unknown,Unknown,Unknown,Unknown,"2024-08-11 16:14:30"
118,::1,Chrome,Windows,Unknown,Unknown,Unknown,Unknown,Unknown,Unknown,Unknown,Unknown,Unknown,"2024-08-11 16:14:40"
119,::1,Chrome,Windows,Unknown,Unknown,Unknown,Unknown,Unknown,Unknown,Unknown,Unknown,Unknown,"2024-08-11 16:14:40"
120,::1,Chrome,Windows,Unknown,Unknown,Unknown,Unknown,Unknown,Unknown,Unknown,Unknown,Unknown,"2024-08-11 16:14:43"
121,::1,Chrome,Windows,Unknown,Unknown,Unknown,Unknown,Unknown,Unknown,Unknown,Unknown,Unknown,"2024-08-11 16:14:55"
122,::1,Chrome,Windows,Unknown,Unknown,Unknown,Unknown,Unknown,Unknown,Unknown,Unknown,Unknown,"2024-08-11 16:15:06"
123,::1,Chrome,Windows,Unknown,Unknown,Unknown,Unknown,Unknown,Unknown,Unknown,Unknown,Unknown,"2024-08-11 16:15:06"
124,::1,Chrome,Windows,Unknown,Unknown,Unknown,Unknown,Unknown,Unknown,Unknown,Unknown,Unknown,"2024-08-11 16:15:09"
125,::1,Chrome,Windows,Unknown,Unknown,Unknown,Unknown,Unknown,Unknown,Unknown,Unknown,Unknown,"2024-08-11 16:24:48"
126,::1,Chrome,Windows,Unknown,Unknown,Unknown,Unknown,Unknown,Unknown,Unknown,Unknown,Unknown,"2024-08-11 16:24:48"
127,::1,Chrome,Windows,Unknown,Unknown,Unknown,Unknown,Unknown,Unknown,Unknown,Unknown,Unknown,"2024-08-11 16:24:49"
128,::1,Chrome,Windows,Unknown,Unknown,Unknown,Unknown,Unknown,Unknown,Unknown,Unknown,Unknown,"2024-08-11 16:24:49"
129,::1,Chrome,Windows,Unknown,Unknown,Unknown,Unknown,Unknown,Unknown,Unknown,Unknown,Unknown,"2024-08-11 16:24:56"
130,::1,Chrome,Windows,Unknown,Unknown,Unknown,Unknown,Unknown,Unknown,Unknown,Unknown,Unknown,"2024-08-11 16:24:56"
131,::1,Chrome,Windows,Unknown,Unknown,Unknown,Unknown,Unknown,Unknown,Unknown,Unknown,Unknown,"2024-08-11 16:25:10"
132,::1,Chrome,Windows,Unknown,Unknown,Unknown,Unknown,Unknown,Unknown,Unknown,Unknown,Unknown,"2024-08-11 16:25:10"
133,::1,Chrome,Windows,Unknown,Unknown,Unknown,Unknown,Unknown,Unknown,Unknown,Unknown,Unknown,"2024-08-11 16:25:13"
134,::1,Chrome,Windows,Unknown,Unknown,Unknown,Unknown,Unknown,Unknown,Unknown,Unknown,Unknown,"2024-08-11 16:25:13"
135,::1,Chrome,Windows,Unknown,Unknown,Unknown,Unknown,Unknown,Unknown,Unknown,Unknown,Unknown,"2024-08-11 16:25:22"
136,::1,Chrome,Windows,Unknown,Unknown,Unknown,Unknown,Unknown,Unknown,Unknown,Unknown,Unknown,"2024-08-11 16:26:26"
137,::1,Chrome,Windows,Unknown,Unknown,Unknown,Unknown,Unknown,Unknown,Unknown,Unknown,Unknown,"2024-08-11 16:26:33"
138,::1,Chrome,Windows,Unknown,Unknown,Unknown,Unknown,Unknown,Unknown,Unknown,Unknown,Unknown,"2024-08-11 16:26:59"
139,::1,Chrome,Windows,Unknown,Unknown,Unknown,Unknown,Unknown,Unknown,Unknown,Unknown,Unknown,"2024-08-11 16:27:02"
140,::1,Chrome,Windows,Unknown,Unknown,Unknown,Unknown,Unknown,Unknown,Unknown,Unknown,Unknown,"2024-08-11 16:27:06"
141,::1,Chrome,Windows,Unknown,Unknown,Unknown,Unknown,Unknown,Unknown,Unknown,Unknown,Unknown,"2024-08-11 16:27:17"
142,::1,Chrome,Windows,Unknown,Unknown,Unknown,Unknown,Unknown,Unknown,Unknown,Unknown,Unknown,"2024-08-11 16:27:19"
143,::1,Chrome,Windows,Unknown,Unknown,Unknown,Unknown,Unknown,Unknown,Unknown,Unknown,Unknown,"2024-08-11 16:27:27"
144,::1,Chrome,Windows,Unknown,Unknown,Unknown,Unknown,Unknown,Unknown,Unknown,Unknown,Unknown,"2024-08-11 16:27:29"
145,::1,Chrome,Windows,Unknown,Unknown,Unknown,Unknown,Unknown,Unknown,Unknown,Unknown,Unknown,"2024-08-11 16:27:32"
146,::1,Chrome,Windows,Unknown,Unknown,Unknown,Unknown,Unknown,Unknown,Unknown,Unknown,Unknown,"2024-08-11 16:27:42"
147,::1,Chrome,Windows,Unknown,Unknown,Unknown,Unknown,Unknown,Unknown,Unknown,Unknown,Unknown,"2024-08-11 16:27:42"
148,::1,Chrome,Windows,Unknown,Unknown,Unknown,Unknown,Unknown,Unknown,Unknown,Unknown,Unknown,"2024-08-11 16:27:51"
149,::1,Chrome,Windows,Unknown,Unknown,Unknown,Unknown,Unknown,Unknown,Unknown,Unknown,Unknown,"2024-08-11 16:27:51"
150,::1,Chrome,Windows,Unknown,Unknown,Unknown,Unknown,Unknown,Unknown,Unknown,Unknown,Unknown,"2024-08-11 16:27:56"
151,::1,Chrome,Windows,Unknown,Unknown,Unknown,Unknown,Unknown,Unknown,Unknown,Unknown,Unknown,"2024-08-11 16:27:56"
152,::1,Chrome,Windows,Unknown,Unknown,Unknown,Unknown,Unknown,Unknown,Unknown,Unknown,Unknown,"2024-08-11 16:28:13"
153,::1,Chrome,Windows,Unknown,Unknown,Unknown,Unknown,Unknown,Unknown,Unknown,Unknown,Unknown,"2024-08-11 16:28:25"
154,::1,Chrome,Windows,Unknown,Unknown,Unknown,Unknown,Unknown,Unknown,Unknown,Unknown,Unknown,"2024-08-11 16:28:25"
155,::1,Chrome,Windows,Unknown,Unknown,Unknown,Unknown,Unknown,Unknown,Unknown,Unknown,Unknown,"2024-08-11 16:28:41"
156,::1,Chrome,Windows,Unknown,Unknown,Unknown,Unknown,Unknown,Unknown,Unknown,Unknown,Unknown,"2024-08-11 16:28:41"
157,::1,Chrome,Windows,Unknown,Unknown,Unknown,Unknown,Unknown,Unknown,Unknown,Unknown,Unknown,"2024-08-11 16:28:48"
158,::1,Chrome,Windows,Unknown,Unknown,Unknown,Unknown,Unknown,Unknown,Unknown,Unknown,Unknown,"2024-08-11 16:28:48"
159,::1,Chrome,Windows,Unknown,Unknown,Unknown,Unknown,Unknown,Unknown,Unknown,Unknown,Unknown,"2024-08-11 16:29:02"
160,::1,Chrome,Windows,Unknown,Unknown,Unknown,Unknown,Unknown,Unknown,Unknown,Unknown,Unknown,"2024-08-11 16:29:02"
161,::1,Chrome,Windows,Unknown,Unknown,Unknown,Unknown,Unknown,Unknown,Unknown,Unknown,Unknown,"2024-08-11 16:29:08"
162,::1,Chrome,Windows,Unknown,Unknown,Unknown,Unknown,Unknown,Unknown,Unknown,Unknown,Unknown,"2024-08-11 16:29:08"
163,::1,Chrome,Windows,Unknown,Unknown,Unknown,Unknown,Unknown,Unknown,Unknown,Unknown,Unknown,"2024-08-11 16:29:17"
164,::1,Chrome,Windows,Unknown,Unknown,Unknown,Unknown,Unknown,Unknown,Unknown,Unknown,Unknown,"2024-08-11 16:29:17"
165,::1,Chrome,Windows,Unknown,Unknown,Unknown,Unknown,Unknown,Unknown,Unknown,Unknown,Unknown,"2024-08-11 16:29:23"
166,::1,Chrome,Windows,Unknown,Unknown,Unknown,Unknown,Unknown,Unknown,Unknown,Unknown,Unknown,"2024-08-11 16:29:33"
167,::1,Chrome,Windows,Unknown,Unknown,Unknown,Unknown,Unknown,Unknown,Unknown,Unknown,Unknown,"2024-08-11 16:29:33"
168,::1,Chrome,Windows,Unknown,Unknown,Unknown,Unknown,Unknown,Unknown,Unknown,Unknown,Unknown,"2024-08-11 16:29:33"
169,::1,Chrome,Windows,Unknown,Unknown,Unknown,Unknown,Unknown,Unknown,Unknown,Unknown,Unknown,"2024-08-11 16:29:39"
170,::1,Chrome,Windows,Unknown,Unknown,Unknown,Unknown,Unknown,Unknown,Unknown,Unknown,Unknown,"2024-08-11 16:29:39"
171,::1,Chrome,Windows,Unknown,Unknown,Unknown,Unknown,Unknown,Unknown,Unknown,Unknown,Unknown,"2024-08-11 16:29:44"
172,::1,Chrome,Windows,Unknown,Unknown,Unknown,Unknown,Unknown,Unknown,Unknown,Unknown,Unknown,"2024-08-11 16:29:44"
173,::1,Chrome,Windows,Unknown,Unknown,Unknown,Unknown,Unknown,Unknown,Unknown,Unknown,Unknown,"2024-08-11 16:29:45"
174,::1,Chrome,Windows,Unknown,Unknown,Unknown,Unknown,Unknown,Unknown,Unknown,Unknown,Unknown,"2024-08-11 16:29:45"
175,::1,Chrome,Windows,Unknown,Unknown,Unknown,Unknown,Unknown,Unknown,Unknown,Unknown,Unknown,"2024-08-11 16:29:54"
176,::1,Chrome,Windows,Unknown,Unknown,Unknown,Unknown,Unknown,Unknown,Unknown,Unknown,Unknown,"2024-08-11 16:29:54"
177,::1,Chrome,Windows,Unknown,Unknown,Unknown,Unknown,Unknown,Unknown,Unknown,Unknown,Unknown,"2024-08-11 16:30:01"
178,::1,Chrome,Windows,Unknown,Unknown,Unknown,Unknown,Unknown,Unknown,Unknown,Unknown,Unknown,"2024-08-11 16:30:01"
179,::1,Chrome,Windows,Unknown,Unknown,Unknown,Unknown,Unknown,Unknown,Unknown,Unknown,Unknown,"2024-08-11 16:30:01"
180,::1,Chrome,Windows,Unknown,Unknown,Unknown,Unknown,Unknown,Unknown,Unknown,Unknown,Unknown,"2024-08-11 16:30:01"
181,::1,Chrome,Windows,Unknown,Unknown,Unknown,Unknown,Unknown,Unknown,Unknown,Unknown,Unknown,"2024-08-11 16:30:15"
182,::1,Chrome,Windows,Unknown,Unknown,Unknown,Unknown,Unknown,Unknown,Unknown,Unknown,Unknown,"2024-08-11 16:30:29"
183,::1,Chrome,Windows,Unknown,Unknown,Unknown,Unknown,Unknown,Unknown,Unknown,Unknown,Unknown,"2024-08-11 16:30:29"
184,::1,Chrome,Windows,Unknown,Unknown,Unknown,Unknown,Unknown,Unknown,Unknown,Unknown,Unknown,"2024-08-11 16:30:48"
185,::1,Chrome,Windows,Unknown,Unknown,Unknown,Unknown,Unknown,Unknown,Unknown,Unknown,Unknown,"2024-08-11 16:30:48"
186,::1,Chrome,Windows,Unknown,Unknown,Unknown,Unknown,Unknown,Unknown,Unknown,Unknown,Unknown,"2024-08-11 16:31:06"
187,::1,Chrome,Windows,Unknown,Unknown,Unknown,Unknown,Unknown,Unknown,Unknown,Unknown,Unknown,"2024-08-11 16:31:06"
188,::1,Chrome,Windows,Unknown,Unknown,Unknown,Unknown,Unknown,Unknown,Unknown,Unknown,Unknown,"2024-08-11 16:31:18"
189,::1,Chrome,Windows,Unknown,Unknown,Unknown,Unknown,Unknown,Unknown,Unknown,Unknown,Unknown,"2024-08-11 16:31:28"
189,::1,Chrome,Windows,Unknown,Unknown,Unknown,Unknown,Unknown,Unknown,Unknown,Unknown,Unknown,"2024-08-11 16:31:28"
190,::1,Chrome,Windows,Unknown,Unknown,Unknown,Unknown,Unknown,Unknown,Unknown,Unknown,Unknown,"2024-08-11 16:31:37"
191,::1,Chrome,Windows,Unknown,Unknown,Unknown,Unknown,Unknown,Unknown,Unknown,Unknown,Unknown,"2024-08-11 16:31:52"
192,::1,Chrome,Windows,Unknown,Unknown,Unknown,Unknown,Unknown,Unknown,Unknown,Unknown,Unknown,"2024-08-11 16:31:52"
193,::1,Chrome,Windows,Unknown,Unknown,Unknown,Unknown,Unknown,Unknown,Unknown,Unknown,Unknown,"2024-08-11 16:34:12"
193,::1,Chrome,Windows,Unknown,Unknown,Unknown,Unknown,Unknown,Unknown,Unknown,Unknown,Unknown,"2024-08-11 16:34:12"
194,::1,Chrome,Windows,Unknown,Unknown,Unknown,Unknown,Unknown,Unknown,Unknown,Unknown,Unknown,"2024-08-11 16:35:24"
195,::1,Chrome,Windows,Unknown,Unknown,Unknown,Unknown,Unknown,Unknown,Unknown,Unknown,Unknown,"2024-08-11 16:35:27"
196,::1,Chrome,Windows,Unknown,Unknown,Unknown,Unknown,Unknown,Unknown,Unknown,Unknown,Unknown,"2024-08-11 16:35:27"
197,::1,Chrome,Windows,Unknown,Unknown,Unknown,Unknown,Unknown,Unknown,Unknown,Unknown,Unknown,"2024-08-11 16:35:29"
198,::1,Chrome,Windows,Unknown,Unknown,Unknown,Unknown,Unknown,Unknown,Unknown,Unknown,Unknown,"2024-08-11 16:35:29"
199,::1,Chrome,Windows,Unknown,Unknown,Unknown,Unknown,Unknown,Unknown,Unknown,Unknown,Unknown,"2024-08-11 16:35:37"
200,::1,Chrome,Windows,Unknown,Unknown,Unknown,Unknown,Unknown,Unknown,Unknown,Unknown,Unknown,"2024-08-11 16:35:37"
201,::1,Chrome,Windows,Unknown,Unknown,Unknown,Unknown,Unknown,Unknown,Unknown,Unknown,Unknown,"2024-08-11 16:35:39"
202,::1,Chrome,Windows,Unknown,Unknown,Unknown,Unknown,Unknown,Unknown,Unknown,Unknown,Unknown,"2024-08-11 16:35:39"
203,::1,Chrome,Windows,Unknown,Unknown,Unknown,Unknown,Unknown,Unknown,Unknown,Unknown,Unknown,"2024-08-11 16:35:42"
204,::1,Chrome,Windows,Unknown,Unknown,Unknown,Unknown,Unknown,Unknown,Unknown,Unknown,Unknown,"2024-08-11 16:35:45"
205,::1,Chrome,Windows,Unknown,Unknown,Unknown,Unknown,Unknown,Unknown,Unknown,Unknown,Unknown,"2024-08-11 16:35:45"
206,::1,Chrome,Windows,Unknown,Unknown,Unknown,Unknown,Unknown,Unknown,Unknown,Unknown,Unknown,"2024-08-11 16:37:18"
207,::1,Chrome,Windows,Unknown,Unknown,Unknown,Unknown,Unknown,Unknown,Unknown,Unknown,Unknown,"2024-08-11 16:37:19"
208,::1,Chrome,Windows,Unknown,Unknown,Unknown,Unknown,Unknown,Unknown,Unknown,Unknown,Unknown,"2024-08-11 16:37:19"
209,::1,Chrome,Windows,Unknown,Unknown,Unknown,Unknown,Unknown,Unknown,Unknown,Unknown,Unknown,"2024-08-11 16:38:21"
210,::1,Chrome,Windows,Unknown,Unknown,Unknown,Unknown,Unknown,Unknown,Unknown,Unknown,Unknown,"2024-08-11 16:38:21"
211,::1,Chrome,Windows,Unknown,Unknown,Unknown,Unknown,Unknown,Unknown,Unknown,Unknown,Unknown,"2024-08-11 16:38:21"
212,::1,Chrome,Windows,Unknown,Unknown,Unknown,Unknown,Unknown,Unknown,Unknown,Unknown,Unknown,"2024-08-11 16:38:33"
213,::1,Chrome,Windows,Unknown,Unknown,Unknown,Unknown,Unknown,Unknown,Unknown,Unknown,Unknown,"2024-08-11 16:38:32"
214,::1,Chrome,Windows,Unknown,Unknown,Unknown,Unknown,Unknown,Unknown,Unknown,Unknown,Unknown,"2024-08-11 16:38:37"
215,::1,Chrome,Windows,Unknown,Unknown,Unknown,Unknown,Unknown,Unknown,Unknown,Unknown,Unknown,"2024-08-11 16:38:45"
216,::1,Chrome,Windows,Unknown,Unknown,Unknown,Unknown,Unknown,Unknown,Unknown,Unknown,Unknown,"2024-08-11 16:38:45"
217,::1,Chrome,Windows,Unknown,Unknown,Unknown,Unknown,Unknown,Unknown,Unknown,Unknown,Unknown,"2024-08-11 16:38:50"
218,::1,Chrome,Windows,Unknown,Unknown,Unknown,Unknown,Unknown,Unknown,Unknown,Unknown,Unknown,"2024-08-11 16:38:50"
219,::1,Chrome,Windows,Unknown,Unknown,Unknown,Unknown,Unknown,Unknown,Unknown,Unknown,Unknown,"2024-08-11 16:38:51"
220,::1,Chrome,Windows,Unknown,Unknown,Unknown,Unknown,Unknown,Unknown,Unknown,Unknown,Unknown,"2024-08-11 16:42:13"
221,::1,Chrome,Windows,Unknown,Unknown,Unknown,Unknown,Unknown,Unknown,Unknown,Unknown,Unknown,"2024-08-11 16:42:14"
222,::1,Chrome,Windows,Unknown,Unknown,Unknown,Unknown,Unknown,Unknown,Unknown,Unknown,Unknown,"2024-08-11 16:43:48"
223,::1,Chrome,Windows,Unknown,Unknown,Unknown,Unknown,Unknown,Unknown,Unknown,Unknown,Unknown,"2024-08-11 16:43:48"
224,::1,Chrome,Windows,Unknown,Unknown,Unknown,Unknown,Unknown,Unknown,Unknown,Unknown,Unknown,"2024-08-11 16:43:50"
225,::1,Chrome,Windows,Unknown,Unknown,Unknown,Unknown,Unknown,Unknown,Unknown,Unknown,Unknown,"2024-08-11 16:43:50"
226,::1,Chrome,Windows,Unknown,Unknown,Unknown,Unknown,Unknown,Unknown,Unknown,Unknown,Unknown,"2024-08-11 16:43:54"
227,::1,Chrome,Windows,Unknown,Unknown,Unknown,Unknown,Unknown,Unknown,Unknown,Unknown,Unknown,"2024-08-11 16:44:16"
228,::1,Chrome,Windows,Unknown,Unknown,Unknown,Unknown,Unknown,Unknown,Unknown,Unknown,Unknown,"2024-08-11 16:44:16"
229,::1,Chrome,Windows,Unknown,Unknown,Unknown,Unknown,Unknown,Unknown,Unknown,Unknown,Unknown,"2024-08-11 16:44:18"
230,::1,Chrome,Windows,Unknown,Unknown,Unknown,Unknown,Unknown,Unknown,Unknown,Unknown,Unknown,"2024-08-11 16:44:42"
231,::1,Chrome,Windows,Unknown,Unknown,Unknown,Unknown,Unknown,Unknown,Unknown,Unknown,Unknown,"2024-08-11 16:46:23"
232,::1,Chrome,Windows,Unknown,Unknown,Unknown,Unknown,Unknown,Unknown,Unknown,Unknown,Unknown,"2024-08-11 16:46:23"
233,::1,Chrome,Windows,Unknown,Unknown,Unknown,Unknown,Unknown,Unknown,Unknown,Unknown,Unknown,"2024-08-11 16:46:24"
234,::1,Chrome,Windows,Unknown,Unknown,Unknown,Unknown,Unknown,Unknown,Unknown,Unknown,Unknown,"2024-08-11 16:46:24"
235,::1,Chrome,Windows,Unknown,Unknown,Unknown,Unknown,Unknown,Unknown,Unknown,Unknown,Unknown,"2024-08-11 16:46:26"
236,::1,Chrome,Windows,Unknown,Unknown,Unknown,Unknown,Unknown,Unknown,Unknown,Unknown,Unknown,"2024-08-11 16:46:41"
237,::1,Chrome,Windows,Unknown,Unknown,Unknown,Unknown,Unknown,Unknown,Unknown,Unknown,Unknown,"2024-08-11 16:46:41"
238,::1,Chrome,Windows,Unknown,Unknown,Unknown,Unknown,Unknown,Unknown,Unknown,Unknown,Unknown,"2024-08-11 16:48:10"
239,::1,Chrome,Windows,Unknown,Unknown,Unknown,Unknown,Unknown,Unknown,Unknown,Unknown,Unknown,"2024-08-11 16:48:10"
240,::1,Chrome,Windows,Unknown,Unknown,Unknown,Unknown,Unknown,Unknown,Unknown,Unknown,Unknown,"2024-08-11 16:49:50"
241,::1,Chrome,Windows,Unknown,Unknown,Unknown,Unknown,Unknown,Unknown,Unknown,Unknown,Unknown,"2024-08-11 16:49:50"
242,::1,Chrome,Windows,Unknown,Unknown,Unknown,Unknown,Unknown,Unknown,Unknown,Unknown,Unknown,"2024-08-11 16:51:08"
242,::1,Chrome,Windows,Unknown,Unknown,Unknown,Unknown,Unknown,Unknown,Unknown,Unknown,Unknown,"2024-08-11 16:51:08"
243,::1,Chrome,Windows,Unknown,Unknown,Unknown,Unknown,Unknown,Unknown,Unknown,Unknown,Unknown,"2024-08-11 16:52:03"
244,::1,Chrome,Windows,Unknown,Unknown,Unknown,Unknown,Unknown,Unknown,Unknown,Unknown,Unknown,"2024-08-11 16:52:04"
245,::1,Chrome,Windows,Unknown,Unknown,Unknown,Unknown,Unknown,Unknown,Unknown,Unknown,Unknown,"2024-08-11 16:52:26"
246,::1,Chrome,Windows,Unknown,Unknown,Unknown,Unknown,Unknown,Unknown,Unknown,Unknown,Unknown,"2024-08-11 16:52:26"
247,::1,Chrome,Windows,Unknown,Unknown,Unknown,Unknown,Unknown,Unknown,Unknown,Unknown,Unknown,"2024-08-11 16:53:10"
248,::1,Chrome,Windows,Unknown,Unknown,Unknown,Unknown,Unknown,Unknown,Unknown,Unknown,Unknown,"2024-08-11 16:53:10"
249,::1,Chrome,Windows,Unknown,Unknown,Unknown,Unknown,Unknown,Unknown,Unknown,Unknown,Unknown,"2024-08-11 16:54:11"
250,::1,Chrome,Windows,Unknown,Unknown,Unknown,Unknown,Unknown,Unknown,Unknown,Unknown,Unknown,"2024-08-11 16:54:11"
251,::1,Chrome,Windows,Unknown,Unknown,Unknown,Unknown,Unknown,Unknown,Unknown,Unknown,Unknown,"2024-08-11 16:54:23"
252,::1,Chrome,Windows,Unknown,Unknown,Unknown,Unknown,Unknown,Unknown,Unknown,Unknown,Unknown,"2024-08-11 16:54:24"
253,::1,Chrome,Windows,Unknown,Unknown,Unknown,Unknown,Unknown,Unknown,Unknown,Unknown,Unknown,"2024-08-11 16:54:45"
254,::1,Chrome,Windows,Unknown,Unknown,Unknown,Unknown,Unknown,Unknown,Unknown,Unknown,Unknown,"2024-08-11 16:56:53"
255,::1,Chrome,Windows,Unknown,Unknown,Unknown,Unknown,Unknown,Unknown,Unknown,Unknown,Unknown,"2024-08-11 16:56:53"
256,::1,Chrome,Windows,Unknown,Unknown,Unknown,Unknown,Unknown,Unknown,Unknown,Unknown,Unknown,"2024-08-11 16:57:11"
257,::1,Chrome,Windows,Unknown,Unknown,Unknown,Unknown,Unknown,Unknown,Unknown,Unknown,Unknown,"2024-08-11 16:57:11"
258,::1,Chrome,Windows,Unknown,Unknown,Unknown,Unknown,Unknown,Unknown,Unknown,Unknown,Unknown,"2024-08-11 16:57:15"
259,::1,Chrome,Windows,Unknown,Unknown,Unknown,Unknown,Unknown,Unknown,Unknown,Unknown,Unknown,"2024-08-11 16:57:15"
260,::1,Chrome,Windows,Unknown,Unknown,Unknown,Unknown,Unknown,Unknown,Unknown,Unknown,Unknown,"2024-08-11 16:57:17"
261,::1,Chrome,Windows,Unknown,Unknown,Unknown,Unknown,Unknown,Unknown,Unknown,Unknown,Unknown,"2024-08-11 16:57:17"
262,::1,Chrome,Windows,Unknown,Unknown,Unknown,Unknown,Unknown,Unknown,Unknown,Unknown,Unknown,"2024-08-11 16:57:52"
263,::1,Chrome,Windows,Unknown,Unknown,Unknown,Unknown,Unknown,Unknown,Unknown,Unknown,Unknown,"2024-08-11 16:57:52"
264,::1,Chrome,Windows,Unknown,Unknown,Unknown,Unknown,Unknown,Unknown,Unknown,Unknown,Unknown,"2024-08-11 16:58:12"
265,::1,Chrome,Windows,Unknown,Unknown,Unknown,Unknown,Unknown,Unknown,Unknown,Unknown,Unknown,"2024-08-11 16:58:12"
266,::1,Chrome,Windows,Unknown,Unknown,Unknown,Unknown,Unknown,Unknown,Unknown,Unknown,Unknown,"2024-08-11 16:58:17"
267,::1,Chrome,Windows,Unknown,Unknown,Unknown,Unknown,Unknown,Unknown,Unknown,Unknown,Unknown,"2024-08-11 17:17:55"
268,::1,Chrome,Windows,Unknown,Unknown,Unknown,Unknown,Unknown,Unknown,Unknown,Unknown,Unknown,"2024-08-11 17:17:56"
269,::1,Chrome,Windows,Unknown,Unknown,Unknown,Unknown,Unknown,Unknown,Unknown,Unknown,Unknown,"2024-08-11 19:05:42"
270,::1,Chrome,Windows,Unknown,Unknown,Unknown,Unknown,Unknown,Unknown,Unknown,Unknown,Unknown,"2024-08-11 19:05:50"
271,::1,Chrome,Windows,Unknown,Unknown,Unknown,Unknown,Unknown,Unknown,Unknown,Unknown,Unknown,"2024-08-11 19:07:58"
272,::1,Chrome,Windows,Unknown,Unknown,Unknown,Unknown,Unknown,Unknown,Unknown,Unknown,Unknown,"2024-08-11 19:07:58"
273,::1,Chrome,Windows,Unknown,Unknown,Unknown,Unknown,Unknown,Unknown,Unknown,Unknown,Unknown,"2024-08-11 19:08:02"
274,::1,Chrome,Windows,Unknown,Unknown,Unknown,Unknown,Unknown,Unknown,Unknown,Unknown,Unknown,"2024-08-11 19:08:02"
275,::1,Chrome,Windows,Unknown,Unknown,Unknown,Unknown,Unknown,Unknown,Unknown,Unknown,Unknown,"2024-08-11 19:08:06"
276,::1,Chrome,Windows,Unknown,Unknown,Unknown,Unknown,Unknown,Unknown,Unknown,Unknown,Unknown,"2024-08-11 19:08:06"
277,::1,Chrome,Windows,Unknown,Unknown,Unknown,Unknown,Unknown,Unknown,Unknown,Unknown,Unknown,"2024-08-11 19:08:56"
278,::1,Chrome,Windows,Unknown,Unknown,Unknown,Unknown,Unknown,Unknown,Unknown,Unknown,Unknown,"2024-08-11 19:08:57"
279,::1,Chrome,Windows,Unknown,Unknown,Unknown,Unknown,Unknown,Unknown,Unknown,Unknown,Unknown,"2024-08-11 19:10:28"
280,::1,Chrome,Windows,Unknown,Unknown,Unknown,Unknown,Unknown,Unknown,Unknown,Unknown,Unknown,"2024-08-11 19:10:32"
281,::1,Chrome,Windows,Unknown,Unknown,Unknown,Unknown,Unknown,Unknown,Unknown,Unknown,Unknown,"2024-08-11 19:11:33"
282,::1,Chrome,Windows,Unknown,Unknown,Unknown,Unknown,Unknown,Unknown,Unknown,Unknown,Unknown,"2024-08-11 19:11:33"
283,::1,Chrome,Windows,Unknown,Unknown,Unknown,Unknown,Unknown,Unknown,Unknown,Unknown,Unknown,"2024-08-11 19:11:40"
284,::1,Chrome,Windows,Unknown,Unknown,Unknown,Unknown,Unknown,Unknown,Unknown,Unknown,Unknown,"2024-08-11 19:11:40"
285,::1,Chrome,Windows,Unknown,Unknown,Unknown,Unknown,Unknown,Unknown,Unknown,Unknown,Unknown,"2024-08-11 19:11:54"
286,::1,Chrome,Windows,Unknown,Unknown,Unknown,Unknown,Unknown,Unknown,Unknown,Unknown,Unknown,"2024-08-11 19:11:54"
287,::1,Chrome,Windows,Unknown,Unknown,Unknown,Unknown,Unknown,Unknown,Unknown,Unknown,Unknown,"2024-08-11 19:12:05"
288,::1,Chrome,Windows,Unknown,Unknown,Unknown,Unknown,Unknown,Unknown,Unknown,Unknown,Unknown,"2024-08-11 19:12:05"
289,::1,Chrome,Windows,Unknown,Unknown,Unknown,Unknown,Unknown,Unknown,Unknown,Unknown,Unknown,"2024-08-11 19:12:10"
290,::1,Chrome,Windows,Unknown,Unknown,Unknown,Unknown,Unknown,Unknown,Unknown,Unknown,Unknown,"2024-08-11 19:12:36"
291,::1,Chrome,Windows,Unknown,Unknown,Unknown,Unknown,Unknown,Unknown,Unknown,Unknown,Unknown,"2024-08-11 19:12:36"
292,::1,Chrome,Windows,Unknown,Unknown,Unknown,Unknown,Unknown,Unknown,Unknown,Unknown,Unknown,"2024-08-11 19:12:37"
293,::1,Chrome,Windows,Unknown,Unknown,Unknown,Unknown,Unknown,Unknown,Unknown,Unknown,Unknown,"2024-08-11 19:12:37"
294,::1,Chrome,Windows,Unknown,Unknown,Unknown,Unknown,Unknown,Unknown,Unknown,Unknown,Unknown,"2024-08-11 19:12:40"
295,::1,Chrome,Windows,Unknown,Unknown,Unknown,Unknown,Unknown,Unknown,Unknown,Unknown,Unknown,"2024-08-11 19:12:40"
296,::1,Chrome,Windows,Unknown,Unknown,Unknown,Unknown,Unknown,Unknown,Unknown,Unknown,Unknown,"2024-08-11 19:12:42"
297,::1,Chrome,Windows,Unknown,Unknown,Unknown,Unknown,Unknown,Unknown,Unknown,Unknown,Unknown,"2024-08-11 19:12:42"
298,::1,Chrome,Windows,Unknown,Unknown,Unknown,Unknown,Unknown,Unknown,Unknown,Unknown,Unknown,"2024-08-11 19:13:13"
298,::1,Chrome,Windows,Unknown,Unknown,Unknown,Unknown,Unknown,Unknown,Unknown,Unknown,Unknown,"2024-08-11 19:13:13"
299,::1,Chrome,Windows,Unknown,Unknown,Unknown,Unknown,Unknown,Unknown,Unknown,Unknown,Unknown,"2024-08-11 19:13:16"
300,::1,Chrome,Windows,Unknown,Unknown,Unknown,Unknown,Unknown,Unknown,Unknown,Unknown,Unknown,"2024-08-11 19:13:26"
301,::1,Chrome,Windows,Unknown,Unknown,Unknown,Unknown,Unknown,Unknown,Unknown,Unknown,Unknown,"2024-08-11 19:13:26"
302,::1,Chrome,Windows,Unknown,Unknown,Unknown,Unknown,Unknown,Unknown,Unknown,Unknown,Unknown,"2024-08-11 19:13:31"
303,::1,Chrome,Windows,Unknown,Unknown,Unknown,Unknown,Unknown,Unknown,Unknown,Unknown,Unknown,"2024-08-11 19:13:31"
304,::1,Chrome,Windows,Unknown,Unknown,Unknown,Unknown,Unknown,Unknown,Unknown,Unknown,Unknown,"2024-08-11 19:16:18"
305,::1,Chrome,Windows,Unknown,Unknown,Unknown,Unknown,Unknown,Unknown,Unknown,Unknown,Unknown,"2024-08-11 19:16:18"
306,::1,Chrome,Windows,Unknown,Unknown,Unknown,Unknown,Unknown,Unknown,Unknown,Unknown,Unknown,"2024-08-11 19:16:26"
307,::1,Chrome,Windows,Unknown,Unknown,Unknown,Unknown,Unknown,Unknown,Unknown,Unknown,Unknown,"2024-08-11 19:16:26"
308,::1,Chrome,Windows,Unknown,Unknown,Unknown,Unknown,Unknown,Unknown,Unknown,Unknown,Unknown,"2024-08-11 20:12:59"
309,::1,Chrome,Windows,Unknown,Unknown,Unknown,Unknown,Unknown,Unknown,Unknown,Unknown,Unknown,"2024-08-11 20:12:59"
310,::1,Chrome,Windows,Unknown,Unknown,Unknown,Unknown,Unknown,Unknown,Unknown,Unknown,Unknown,"2024-08-11 20:13:36"
311,::1,Chrome,Windows,Unknown,Unknown,Unknown,Unknown,Unknown,Unknown,Unknown,Unknown,Unknown,"2024-08-11 20:13:36"
312,::1,Chrome,Windows,Unknown,Unknown,Unknown,Unknown,Unknown,Unknown,Unknown,Unknown,Unknown,"2024-08-11 20:14:29"
313,::1,Chrome,Windows,Unknown,Unknown,Unknown,Unknown,Unknown,Unknown,Unknown,Unknown,Unknown,"2024-08-11 20:14:29"
314,::1,Chrome,Windows,Unknown,Unknown,Unknown,Unknown,Unknown,Unknown,Unknown,Unknown,Unknown,"2024-08-11 20:14:32"
315,::1,Chrome,Windows,Unknown,Unknown,Unknown,Unknown,Unknown,Unknown,Unknown,Unknown,Unknown,"2024-08-11 20:14:32"
316,::1,Chrome,Windows,Unknown,Unknown,Unknown,Unknown,Unknown,Unknown,Unknown,Unknown,Unknown,"2024-08-11 20:14:46"
317,::1,Chrome,Windows,Unknown,Unknown,Unknown,Unknown,Unknown,Unknown,Unknown,Unknown,Unknown,"2024-08-11 20:14:46"
318,::1,Chrome,Windows,Unknown,Unknown,Unknown,Unknown,Unknown,Unknown,Unknown,Unknown,Unknown,"2024-08-11 20:14:50"
319,::1,Chrome,Windows,Unknown,Unknown,Unknown,Unknown,Unknown,Unknown,Unknown,Unknown,Unknown,"2024-08-11 20:15:02"
320,::1,Chrome,Windows,Unknown,Unknown,Unknown,Unknown,Unknown,Unknown,Unknown,Unknown,Unknown,"2024-08-11 20:15:02"
321,::1,Chrome,Windows,Unknown,Unknown,Unknown,Unknown,Unknown,Unknown,Unknown,Unknown,Unknown,"2024-08-11 20:15:38"
322,::1,Chrome,Windows,Unknown,Unknown,Unknown,Unknown,Unknown,Unknown,Unknown,Unknown,Unknown,"2024-08-11 20:15:38"
323,::1,Chrome,Windows,Unknown,Unknown,Unknown,Unknown,Unknown,Unknown,Unknown,Unknown,Unknown,"2024-08-11 20:18:30"
324,::1,Chrome,Windows,Unknown,Unknown,Unknown,Unknown,Unknown,Unknown,Unknown,Unknown,Unknown,"2024-08-11 20:18:30"
325,::1,Chrome,Windows,Unknown,Unknown,Unknown,Unknown,Unknown,Unknown,Unknown,Unknown,Unknown,"2024-08-11 20:18:35"
326,::1,Chrome,Windows,Unknown,Unknown,Unknown,Unknown,Unknown,Unknown,Unknown,Unknown,Unknown,"2024-08-11 20:18:35"
327,::1,Chrome,Windows,Unknown,Unknown,Unknown,Unknown,Unknown,Unknown,Unknown,Unknown,Unknown,"2024-08-11 20:19:42"
328,::1,Chrome,Windows,Unknown,Unknown,Unknown,Unknown,Unknown,Unknown,Unknown,Unknown,Unknown,"2024-08-11 20:19:42"
329,::1,Chrome,Windows,Unknown,Unknown,Unknown,Unknown,Unknown,Unknown,Unknown,Unknown,Unknown,"2024-08-11 20:19:52"
330,::1,Chrome,Windows,Unknown,Unknown,Unknown,Unknown,Unknown,Unknown,Unknown,Unknown,Unknown,"2024-08-11 20:20:28"
331,::1,Chrome,Windows,Unknown,Unknown,Unknown,Unknown,Unknown,Unknown,Unknown,Unknown,Unknown,"2024-08-11 20:20:28"
332,::1,Chrome,Windows,Unknown,Unknown,Unknown,Unknown,Unknown,Unknown,Unknown,Unknown,Unknown,"2024-08-11 20:20:32"
333,::1,Chrome,Windows,Unknown,Unknown,Unknown,Unknown,Unknown,Unknown,Unknown,Unknown,Unknown,"2024-08-11 20:22:24"
334,::1,Chrome,Windows,Unknown,Unknown,Unknown,Unknown,Unknown,Unknown,Unknown,Unknown,Unknown,"2024-08-11 20:22:26"
335,::1,Chrome,Windows,Unknown,Unknown,Unknown,Unknown,Unknown,Unknown,Unknown,Unknown,Unknown,"2024-08-11 20:22:44"
336,::1,Chrome,Windows,Unknown,Unknown,Unknown,Unknown,Unknown,Unknown,Unknown,Unknown,Unknown,"2024-08-11 20:23:13"
337,::1,Chrome,Windows,Unknown,Unknown,Unknown,Unknown,Unknown,Unknown,Unknown,Unknown,Unknown,"2024-08-11 20:23:13"
338,::1,Chrome,Windows,Unknown,Unknown,Unknown,Unknown,Unknown,Unknown,Unknown,Unknown,Unknown,"2024-08-11 20:23:53"
339,::1,Chrome,Windows,Unknown,Unknown,Unknown,Unknown,Unknown,Unknown,Unknown,Unknown,Unknown,"2024-08-11 20:23:53"
340,::1,Chrome,Windows,Unknown,Unknown,Unknown,Unknown,Unknown,Unknown,Unknown,Unknown,Unknown,"2024-08-11 20:25:11"
341,::1,Chrome,Windows,Unknown,Unknown,Unknown,Unknown,Unknown,Unknown,Unknown,Unknown,Unknown,"2024-08-11 20:25:18"
342,::1,Chrome,Windows,Unknown,Unknown,Unknown,Unknown,Unknown,Unknown,Unknown,Unknown,Unknown,"2024-08-11 20:25:18"
343,::1,Chrome,Windows,Unknown,Unknown,Unknown,Unknown,Unknown,Unknown,Unknown,Unknown,Unknown,"2024-08-11 20:25:41"
344,::1,Chrome,Windows,Unknown,Unknown,Unknown,Unknown,Unknown,Unknown,Unknown,Unknown,Unknown,"2024-08-11 20:25:41"
345,::1,Chrome,Windows,Unknown,Unknown,Unknown,Unknown,Unknown,Unknown,Unknown,Unknown,Unknown,"2024-08-11 20:25:46"
346,::1,Chrome,Windows,Unknown,Unknown,Unknown,Unknown,Unknown,Unknown,Unknown,Unknown,Unknown,"2024-08-11 20:25:46"
347,::1,Chrome,Windows,Unknown,Unknown,Unknown,Unknown,Unknown,Unknown,Unknown,Unknown,Unknown,"2024-08-11 20:25:50"
348,::1,Chrome,Windows,Unknown,Unknown,Unknown,Unknown,Unknown,Unknown,Unknown,Unknown,Unknown,"2024-08-11 20:25:50"
349,::1,Chrome,Windows,Unknown,Unknown,Unknown,Unknown,Unknown,Unknown,Unknown,Unknown,Unknown,"2024-08-11 20:25:54"
350,::1,Chrome,Windows,Unknown,Unknown,Unknown,Unknown,Unknown,Unknown,Unknown,Unknown,Unknown,"2024-08-11 20:25:54"
351,::1,Chrome,Windows,Unknown,Unknown,Unknown,Unknown,Unknown,Unknown,Unknown,Unknown,Unknown,"2024-08-11 20:26:40"
352,::1,Chrome,Windows,Unknown,Unknown,Unknown,Unknown,Unknown,Unknown,Unknown,Unknown,Unknown,"2024-08-11 20:32:26"
353,::1,Chrome,Windows,Unknown,Unknown,Unknown,Unknown,Unknown,Unknown,Unknown,Unknown,Unknown,"2024-08-11 20:34:41"
354,::1,Chrome,Windows,Unknown,Unknown,Unknown,Unknown,Unknown,Unknown,Unknown,Unknown,Unknown,"2024-08-11 20:34:41"
355,::1,Chrome,Windows,Unknown,Unknown,Unknown,Unknown,Unknown,Unknown,Unknown,Unknown,Unknown,"2024-08-11 20:35:18"
356,::1,Chrome,Windows,Unknown,Unknown,Unknown,Unknown,Unknown,Unknown,Unknown,Unknown,Unknown,"2024-08-11 20:35:18"
357,::1,Chrome,Windows,Unknown,Unknown,Unknown,Unknown,Unknown,Unknown,Unknown,Unknown,Unknown,"2024-08-11 20:35:50"
358,::1,Chrome,Windows,Unknown,Unknown,Unknown,Unknown,Unknown,Unknown,Unknown,Unknown,Unknown,"2024-08-11 20:35:50"
359,::1,Chrome,Windows,Unknown,Unknown,Unknown,Unknown,Unknown,Unknown,Unknown,Unknown,Unknown,"2024-08-11 20:40:45"
360,::1,Chrome,Windows,Unknown,Unknown,Unknown,Unknown,Unknown,Unknown,Unknown,Unknown,Unknown,"2024-08-11 20:40:45"
361,::1,Chrome,Windows,Unknown,Unknown,Unknown,Unknown,Unknown,Unknown,Unknown,Unknown,Unknown,"2024-08-11 20:41:06"
362,::1,Chrome,Windows,Unknown,Unknown,Unknown,Unknown,Unknown,Unknown,Unknown,Unknown,Unknown,"2024-08-11 20:44:37"
363,::1,Chrome,Windows,Unknown,Unknown,Unknown,Unknown,Unknown,Unknown,Unknown,Unknown,Unknown,"2024-08-11 20:44:40"
364,::1,Chrome,Windows,Unknown,Unknown,Unknown,Unknown,Unknown,Unknown,Unknown,Unknown,Unknown,"2024-08-11 20:44:40"
365,::1,Chrome,Windows,Unknown,Unknown,Unknown,Unknown,Unknown,Unknown,Unknown,Unknown,Unknown,"2024-08-11 21:28:41"
366,::1,Chrome,Windows,Unknown,Unknown,Unknown,Unknown,Unknown,Unknown,Unknown,Unknown,Unknown,"2024-08-11 21:30:23"
367,::1,Chrome,Windows,Unknown,Unknown,Unknown,Unknown,Unknown,Unknown,Unknown,Unknown,Unknown,"2024-08-11 21:39:58"
368,::1,Chrome,Windows,Unknown,Unknown,Unknown,Unknown,Unknown,Unknown,Unknown,Unknown,Unknown,"2024-08-11 21:39:58"
369,::1,Chrome,Windows,Unknown,Unknown,Unknown,Unknown,Unknown,Unknown,Unknown,Unknown,Unknown,"2024-08-11 21:40:49"
370,::1,Chrome,Windows,Unknown,Unknown,Unknown,Unknown,Unknown,Unknown,Unknown,Unknown,Unknown,"2024-08-11 21:40:49"
371,::1,Chrome,Windows,Unknown,Unknown,Unknown,Unknown,Unknown,Unknown,Unknown,Unknown,Unknown,"2024-08-11 21:41:13"
372,::1,Chrome,Windows,Unknown,Unknown,Unknown,Unknown,Unknown,Unknown,Unknown,Unknown,Unknown,"2024-08-11 21:44:53"
373,::1,Chrome,Windows,Unknown,Unknown,Unknown,Unknown,Unknown,Unknown,Unknown,Unknown,Unknown,"2024-08-11 21:44:53"
374,::1,Chrome,Windows,Unknown,Unknown,Unknown,Unknown,Unknown,Unknown,Unknown,Unknown,Unknown,"2024-08-11 21:45:11"
374,::1,Chrome,Windows,Unknown,Unknown,Unknown,Unknown,Unknown,Unknown,Unknown,Unknown,Unknown,"2024-08-11 21:45:11"
375,::1,Chrome,Windows,Unknown,Unknown,Unknown,Unknown,Unknown,Unknown,Unknown,Unknown,Unknown,"2024-08-11 21:46:43"
376,::1,Chrome,Windows,Unknown,Unknown,Unknown,Unknown,Unknown,Unknown,Unknown,Unknown,Unknown,"2024-08-11 21:59:59"
377,::1,Chrome,Windows,Unknown,Unknown,Unknown,Unknown,Unknown,Unknown,Unknown,Unknown,Unknown,"2024-08-11 22:04:33"
378,::1,Chrome,Windows,Unknown,Unknown,Unknown,Unknown,Unknown,Unknown,Unknown,Unknown,Unknown,"2024-08-11 22:04:44"
379,::1,Chrome,Windows,Unknown,Unknown,Unknown,Unknown,Unknown,Unknown,Unknown,Unknown,Unknown,"2024-08-11 22:04:49"
380,::1,Chrome,Windows,Unknown,Unknown,Unknown,Unknown,Unknown,Unknown,Unknown,Unknown,Unknown,"2024-08-12 00:57:02"
381,::1,Chrome,Windows,Unknown,Unknown,Unknown,Unknown,Unknown,Unknown,Unknown,Unknown,Unknown,"2024-08-12 00:57:04"
382,::1,Chrome,Windows,Unknown,Unknown,Unknown,Unknown,Unknown,Unknown,Unknown,Unknown,Unknown,"2024-08-12 00:57:07"
383,::1,Chrome,Windows,Unknown,Unknown,Unknown,Unknown,Unknown,Unknown,Unknown,Unknown,Unknown,"2024-08-12 09:09:01"
384,::1,Chrome,Windows,Unknown,Unknown,Unknown,Unknown,Unknown,Unknown,Unknown,Unknown,Unknown,"2024-08-12 09:09:43"
385,::1,Chrome,Windows,Unknown,Unknown,Unknown,Unknown,Unknown,Unknown,Unknown,Unknown,Unknown,"2024-08-12 09:38:40"
386,::1,Chrome,Windows,Unknown,Unknown,Unknown,Unknown,Unknown,Unknown,Unknown,Unknown,Unknown,"2024-08-12 15:56:08"
387,::1,Chrome,Windows,Unknown,Unknown,Unknown,Unknown,Unknown,Unknown,Unknown,Unknown,Unknown,"2024-08-12 15:56:34"
388,::1,Chrome,Windows,Unknown,Unknown,Unknown,Unknown,Unknown,Unknown,Unknown,Unknown,Unknown,"2024-08-12 15:56:38"
389,::1,Chrome,Windows,Unknown,Unknown,Unknown,Unknown,Unknown,Unknown,Unknown,Unknown,Unknown,"2024-08-12 15:56:41"
390,::1,Chrome,Windows,Unknown,Unknown,Unknown,Unknown,Unknown,Unknown,Unknown,Unknown,Unknown,"2024-08-12 16:01:44"
391,::1,Chrome,Windows,Unknown,Unknown,Unknown,Unknown,Unknown,Unknown,Unknown,Unknown,Unknown,"2024-08-12 16:01:47"
392,::1,Chrome,Windows,Unknown,Unknown,Unknown,Unknown,Unknown,Unknown,Unknown,Unknown,Unknown,"2024-08-12 16:01:49"
393,::1,Chrome,Windows,Unknown,Unknown,Unknown,Unknown,Unknown,Unknown,Unknown,Unknown,Unknown,"2024-08-12 16:01:58"
394,::1,Chrome,Windows,Unknown,Unknown,Unknown,Unknown,Unknown,Unknown,Unknown,Unknown,Unknown,"2024-08-12 16:02:00"
395,::1,Chrome,Windows,Unknown,Unknown,Unknown,Unknown,Unknown,Unknown,Unknown,Unknown,Unknown,"2024-08-12 16:04:57"
396,::1,Chrome,Windows,Unknown,Unknown,Unknown,Unknown,Unknown,Unknown,Unknown,Unknown,Unknown,"2024-08-12 16:05:17"
397,::1,Chrome,Windows,Unknown,Unknown,Unknown,Unknown,Unknown,Unknown,Unknown,Unknown,Unknown,"2024-08-12 16:05:36"
398,::1,Chrome,Windows,Unknown,Unknown,Unknown,Unknown,Unknown,Unknown,Unknown,Unknown,Unknown,"2024-08-12 16:05:37"
399,::1,Chrome,Windows,Unknown,Unknown,Unknown,Unknown,Unknown,Unknown,Unknown,Unknown,Unknown,"2024-08-12 16:05:41"
400,::1,Chrome,Windows,Unknown,Unknown,Unknown,Unknown,Unknown,Unknown,Unknown,Unknown,Unknown,"2024-08-12 16:06:01"
401,::1,Chrome,Windows,Unknown,Unknown,Unknown,Unknown,Unknown,Unknown,Unknown,Unknown,Unknown,"2024-08-12 16:10:23"
402,::1,Chrome,Windows,Unknown,Unknown,Unknown,Unknown,Unknown,Unknown,Unknown,Unknown,Unknown,"2024-08-12 16:13:37"
403,::1,Chrome,Windows,Unknown,Unknown,Unknown,Unknown,Unknown,Unknown,Unknown,Unknown,Unknown,"2024-08-12 16:13:40"
404,::1,Chrome,Windows,Unknown,Unknown,Unknown,Unknown,Unknown,Unknown,Unknown,Unknown,Unknown,"2024-08-12 16:19:08"
405,::1,Chrome,Windows,Unknown,Unknown,Unknown,Unknown,Unknown,Unknown,Unknown,Unknown,Unknown,"2024-08-12 16:19:10"
406,::1,Chrome,Windows,Unknown,Unknown,Unknown,Unknown,Unknown,Unknown,Unknown,Unknown,Unknown,"2024-08-12 16:22:31"
407,::1,Chrome,Windows,Unknown,Unknown,Unknown,Unknown,Unknown,Unknown,Unknown,Unknown,Unknown,"2024-08-12 16:22:45"
408,::1,Chrome,Windows,Unknown,Unknown,Unknown,Unknown,Unknown,Unknown,Unknown,Unknown,Unknown,"2024-08-12 16:24:42"
409,::1,Chrome,Windows,Unknown,Unknown,Unknown,Unknown,Unknown,Unknown,Unknown,Unknown,Unknown,"2024-08-12 16:24:43"
410,::1,Chrome,Windows,Unknown,Unknown,Unknown,Unknown,Unknown,Unknown,Unknown,Unknown,Unknown,"2024-08-12 16:24:44"
411,::1,Chrome,Windows,Unknown,Unknown,Unknown,Unknown,Unknown,Unknown,Unknown,Unknown,Unknown,"2024-08-12 16:24:45"
412,::1,Chrome,Windows,Unknown,Unknown,Unknown,Unknown,Unknown,Unknown,Unknown,Unknown,Unknown,"2024-08-12 16:25:31"
413,::1,Chrome,Windows,Unknown,Unknown,Unknown,Unknown,Unknown,Unknown,Unknown,Unknown,Unknown,"2024-08-12 16:25:56"
414,::1,Chrome,Windows,Unknown,Unknown,Unknown,Unknown,Unknown,Unknown,Unknown,Unknown,Unknown,"2024-08-12 16:27:04"
415,::1,Chrome,Windows,Unknown,Unknown,Unknown,Unknown,Unknown,Unknown,Unknown,Unknown,Unknown,"2024-08-12 16:27:05"
416,::1,Chrome,Windows,Unknown,Unknown,Unknown,Unknown,Unknown,Unknown,Unknown,Unknown,Unknown,"2024-08-12 16:27:06"
417,::1,Chrome,Windows,Unknown,Unknown,Unknown,Unknown,Unknown,Unknown,Unknown,Unknown,Unknown,"2024-08-12 16:27:07"
418,::1,Chrome,Windows,Unknown,Unknown,Unknown,Unknown,Unknown,Unknown,Unknown,Unknown,Unknown,"2024-08-12 16:27:08"
419,::1,Chrome,Windows,Unknown,Unknown,Unknown,Unknown,Unknown,Unknown,Unknown,Unknown,Unknown,"2024-08-12 16:29:16"
420,::1,Chrome,Windows,Unknown,Unknown,Unknown,Unknown,Unknown,Unknown,Unknown,Unknown,Unknown,"2024-08-12 23:13:46"
421,::1,Chrome,Windows,Unknown,Unknown,Unknown,Unknown,Unknown,Unknown,Unknown,Unknown,Unknown,"2024-08-12 23:13:48"
422,::1,Chrome,Windows,Unknown,Unknown,Unknown,Unknown,Unknown,Unknown,Unknown,Unknown,Unknown,"2024-08-12 23:14:04"
423,::1,Chrome,Windows,Unknown,Unknown,Unknown,Unknown,Unknown,Unknown,Unknown,Unknown,Unknown,"2024-08-12 23:14:06"
424,::1,Chrome,Windows,Unknown,Unknown,Unknown,Unknown,Unknown,Unknown,Unknown,Unknown,Unknown,"2024-08-12 23:15:27"
425,::1,Chrome,Windows,Unknown,Unknown,Unknown,Unknown,Unknown,Unknown,Unknown,Unknown,Unknown,"2024-08-12 23:15:29"
426,::1,Chrome,Windows,Unknown,Unknown,Unknown,Unknown,Unknown,Unknown,Unknown,Unknown,Unknown,"2024-08-12 23:16:18"
427,::1,Chrome,Windows,Unknown,Unknown,Unknown,Unknown,Unknown,Unknown,Unknown,Unknown,Unknown,"2024-08-12 23:16:34"
428,::1,Chrome,Windows,Unknown,Unknown,Unknown,Unknown,Unknown,Unknown,Unknown,Unknown,Unknown,"2024-08-12 23:17:52"
429,::1,Chrome,Windows,Unknown,Unknown,Unknown,Unknown,Unknown,Unknown,Unknown,Unknown,Unknown,"2024-08-12 23:18:01"
430,::1,Chrome,Windows,Unknown,Unknown,Unknown,Unknown,Unknown,Unknown,Unknown,Unknown,Unknown,"2024-08-12 23:18:03"
431,::1,Chrome,Windows,Unknown,Unknown,Unknown,Unknown,Unknown,Unknown,Unknown,Unknown,Unknown,"2024-08-12 23:18:05"
432,::1,Chrome,Windows,Unknown,Unknown,Unknown,Unknown,Unknown,Unknown,Unknown,Unknown,Unknown,"2024-08-12 23:18:26"
433,::1,Chrome,Windows,Unknown,Unknown,Unknown,Unknown,Unknown,Unknown,Unknown,Unknown,Unknown,"2024-08-12 23:18:34"
434,::1,Chrome,Windows,Unknown,Unknown,Unknown,Unknown,Unknown,Unknown,Unknown,Unknown,Unknown,"2024-08-12 23:18:55"
435,::1,Chrome,Windows,Unknown,Unknown,Unknown,Unknown,Unknown,Unknown,Unknown,Unknown,Unknown,"2024-08-13 09:16:49"
436,::1,Chrome,Windows,Unknown,Unknown,Unknown,Unknown,Unknown,Unknown,Unknown,Unknown,Unknown,"2024-08-13 09:16:51"
437,::1,Chrome,Windows,Unknown,Unknown,Unknown,Unknown,Unknown,Unknown,Unknown,Unknown,Unknown,"2024-08-13 21:51:04"
438,::1,Chrome,Windows,Unknown,Unknown,Unknown,Unknown,Unknown,Unknown,Unknown,Unknown,Unknown,"2024-08-13 21:51:42"
439,::1,Chrome,Windows,Unknown,Unknown,Unknown,Unknown,Unknown,Unknown,Unknown,Unknown,Unknown,"2024-08-13 21:52:04"
440,::1,Chrome,Windows,Unknown,Unknown,Unknown,Unknown,Unknown,Unknown,Unknown,Unknown,Unknown,"2024-08-13 21:52:08"
441,::1,Chrome,Windows,Unknown,Unknown,Unknown,Unknown,Unknown,Unknown,Unknown,Unknown,Unknown,"2024-08-13 23:37:04"
442,::1,Chrome,Windows,Unknown,Unknown,Unknown,Unknown,Unknown,Unknown,Unknown,Unknown,Unknown,"2024-08-14 07:18:53"
443,::1,Chrome,Windows,Unknown,Unknown,Unknown,Unknown,Unknown,Unknown,Unknown,Unknown,Unknown,"2024-08-14 07:35:29"
444,::1,Chrome,Windows,Unknown,Unknown,Unknown,Unknown,Unknown,Unknown,Unknown,Unknown,Unknown,"2024-08-14 07:38:16"
445,::1,Chrome,Windows,Unknown,Unknown,Unknown,Unknown,Unknown,Unknown,Unknown,Unknown,Unknown,"2024-08-14 07:41:45"
446,::1,Chrome,Windows,Unknown,Unknown,Unknown,Unknown,Unknown,Unknown,Unknown,Unknown,Unknown,"2024-08-14 07:41:47"
447,::1,Chrome,Windows,Unknown,Unknown,Unknown,Unknown,Unknown,Unknown,Unknown,Unknown,Unknown,"2024-08-14 07:46:30"
448,::1,Chrome,Windows,Unknown,Unknown,Unknown,Unknown,Unknown,Unknown,Unknown,Unknown,Unknown,"2024-08-14 07:46:36"
449,::1,Chrome,Windows,Unknown,Unknown,Unknown,Unknown,Unknown,Unknown,Unknown,Unknown,Unknown,"2024-08-14 07:47:21"
450,::1,Chrome,Windows,Unknown,Unknown,Unknown,Unknown,Unknown,Unknown,Unknown,Unknown,Unknown,"2024-08-14 07:47:59"
451,::1,Chrome,Windows,Unknown,Unknown,Unknown,Unknown,Unknown,Unknown,Unknown,Unknown,Unknown,"2024-08-14 07:48:29"
452,::1,Chrome,Windows,Unknown,Unknown,Unknown,Unknown,Unknown,Unknown,Unknown,Unknown,Unknown,"2024-08-14 07:54:12"
453,::1,Chrome,Windows,Unknown,Unknown,Unknown,Unknown,Unknown,Unknown,Unknown,Unknown,Unknown,"2024-08-14 08:11:37"
454,::1,Chrome,Windows,Unknown,Unknown,Unknown,Unknown,Unknown,Unknown,Unknown,Unknown,Unknown,"2024-08-14 08:11:39"
455,::1,Chrome,Windows,Unknown,Unknown,Unknown,Unknown,Unknown,Unknown,Unknown,Unknown,Unknown,"2024-08-15 09:15:40"
456,::1,Chrome,Windows,Unknown,Unknown,Unknown,Unknown,Unknown,Unknown,Unknown,Unknown,Unknown,"2024-08-15 09:15:42"
457,::1,Chrome,Windows,Unknown,Unknown,Unknown,Unknown,Unknown,Unknown,Unknown,Unknown,Unknown,"2024-08-15 09:21:38"
458,::1,Chrome,Windows,Unknown,Unknown,Unknown,Unknown,Unknown,Unknown,Unknown,Unknown,Unknown,"2024-08-15 09:21:50"
459,::1,Chrome,Windows,Unknown,Unknown,Unknown,Unknown,Unknown,Unknown,Unknown,Unknown,Unknown,"2024-08-15 09:22:08"
460,::1,Chrome,Windows,Unknown,Unknown,Unknown,Unknown,Unknown,Unknown,Unknown,Unknown,Unknown,"2024-08-15 09:23:44"
461,::1,Chrome,Windows,Unknown,Unknown,Unknown,Unknown,Unknown,Unknown,Unknown,Unknown,Unknown,"2024-08-15 09:23:56"
462,::1,Chrome,Windows,Unknown,Unknown,Unknown,Unknown,Unknown,Unknown,Unknown,Unknown,Unknown,"2024-08-15 09:25:54"
463,::1,Chrome,Windows,Unknown,Unknown,Unknown,Unknown,Unknown,Unknown,Unknown,Unknown,Unknown,"2024-08-15 09:26:01"
464,::1,Chrome,Windows,Unknown,Unknown,Unknown,Unknown,Unknown,Unknown,Unknown,Unknown,Unknown,"2024-08-15 09:37:14"
465,::1,Chrome,Windows,Unknown,Unknown,Unknown,Unknown,Unknown,Unknown,Unknown,Unknown,Unknown,"2024-08-15 09:37:36"
466,::1,Chrome,Windows,Unknown,Unknown,Unknown,Unknown,Unknown,Unknown,Unknown,Unknown,Unknown,"2024-08-15 09:37:39"
467,::1,Chrome,Windows,Unknown,Unknown,Unknown,Unknown,Unknown,Unknown,Unknown,Unknown,Unknown,"2024-08-15 09:38:02"
468,::1,Chrome,Windows,Unknown,Unknown,Unknown,Unknown,Unknown,Unknown,Unknown,Unknown,Unknown,"2024-08-15 09:42:22"
469,::1,Chrome,Windows,Unknown,Unknown,Unknown,Unknown,Unknown,Unknown,Unknown,Unknown,Unknown,"2024-08-15 09:42:35"
470,::1,Chrome,Windows,Unknown,Unknown,Unknown,Unknown,Unknown,Unknown,Unknown,Unknown,Unknown,"2024-08-15 10:41:08"
471,::1,Chrome,Windows,Unknown,Unknown,Unknown,Unknown,Unknown,Unknown,Unknown,Unknown,Unknown,"2024-08-15 10:41:09"
472,::1,Chrome,Windows,Unknown,Unknown,Unknown,Unknown,Unknown,Unknown,Unknown,Unknown,Unknown,"2024-08-15 10:41:12"
473,::1,Chrome,Windows,Unknown,Unknown,Unknown,Unknown,Unknown,Unknown,Unknown,Unknown,Unknown,"2024-08-15 10:41:17"
474,::1,Chrome,Windows,Unknown,Unknown,Unknown,Unknown,Unknown,Unknown,Unknown,Unknown,Unknown,"2024-08-15 10:42:13"
475,::1,Chrome,Windows,Unknown,Unknown,Unknown,Unknown,Unknown,Unknown,Unknown,Unknown,Unknown,"2024-08-15 10:42:19"
476,::1,Chrome,Windows,Unknown,Unknown,Unknown,Unknown,Unknown,Unknown,Unknown,Unknown,Unknown,"2024-08-15 10:44:44"
477,::1,Chrome,Windows,Unknown,Unknown,Unknown,Unknown,Unknown,Unknown,Unknown,Unknown,Unknown,"2024-08-15 10:45:31"
478,::1,Chrome,Windows,Unknown,Unknown,Unknown,Unknown,Unknown,Unknown,Unknown,Unknown,Unknown,"2024-08-15 10:47:21"
479,::1,Chrome,Windows,Unknown,Unknown,Unknown,Unknown,Unknown,Unknown,Unknown,Unknown,Unknown,"2024-08-15 10:47:23"
480,::1,Chrome,Windows,Unknown,Unknown,Unknown,Unknown,Unknown,Unknown,Unknown,Unknown,Unknown,"2024-08-15 10:52:43"
481,::1,Chrome,Windows,Unknown,Unknown,Unknown,Unknown,Unknown,Unknown,Unknown,Unknown,Unknown,"2024-08-15 10:53:43"
482,::1,Chrome,Windows,Unknown,Unknown,Unknown,Unknown,Unknown,Unknown,Unknown,Unknown,Unknown,"2024-08-15 10:56:54"
483,::1,Chrome,Windows,Unknown,Unknown,Unknown,Unknown,Unknown,Unknown,Unknown,Unknown,Unknown,"2024-08-15 10:56:56"
484,::1,Chrome,Windows,Unknown,Unknown,Unknown,Unknown,Unknown,Unknown,Unknown,Unknown,Unknown,"2024-08-15 10:57:13"
485,::1,Chrome,Windows,Unknown,Unknown,Unknown,Unknown,Unknown,Unknown,Unknown,Unknown,Unknown,"2024-08-15 10:57:17"
486,::1,Chrome,Windows,Unknown,Unknown,Unknown,Unknown,Unknown,Unknown,Unknown,Unknown,Unknown,"2024-08-15 11:24:57"
487,::1,Chrome,Windows,Unknown,Unknown,Unknown,Unknown,Unknown,Unknown,Unknown,Unknown,Unknown,"2024-08-15 11:24:58"
488,::1,Chrome,Windows,Unknown,Unknown,Unknown,Unknown,Unknown,Unknown,Unknown,Unknown,Unknown,"2024-08-15 11:24:59"
489,::1,Chrome,Windows,Unknown,Unknown,Unknown,Unknown,Unknown,Unknown,Unknown,Unknown,Unknown,"2024-08-15 11:26:37"
490,::1,Chrome,Windows,Unknown,Unknown,Unknown,Unknown,Unknown,Unknown,Unknown,Unknown,Unknown,"2024-08-15 11:27:02"
491,::1,Chrome,Windows,Unknown,Unknown,Unknown,Unknown,Unknown,Unknown,Unknown,Unknown,Unknown,"2024-08-15 11:29:10"
492,::1,Chrome,Windows,Unknown,Unknown,Unknown,Unknown,Unknown,Unknown,Unknown,Unknown,Unknown,"2024-08-15 11:29:25"
493,::1,Chrome,Windows,Unknown,Unknown,Unknown,Unknown,Unknown,Unknown,Unknown,Unknown,Unknown,"2024-08-15 11:30:56"
494,::1,Chrome,Windows,Unknown,Unknown,Unknown,Unknown,Unknown,Unknown,Unknown,Unknown,Unknown,"2024-08-15 11:30:57"
495,::1,Chrome,Windows,Unknown,Unknown,Unknown,Unknown,Unknown,Unknown,Unknown,Unknown,Unknown,"2024-08-15 11:31:53"
496,::1,Chrome,Windows,Unknown,Unknown,Unknown,Unknown,Unknown,Unknown,Unknown,Unknown,Unknown,"2024-08-18 14:00:36"
497,::1,Chrome,Windows,Unknown,Unknown,Unknown,Unknown,Unknown,Unknown,Unknown,Unknown,Unknown,"2024-08-18 14:00:39"
498,::1,Chrome,Windows,Unknown,Unknown,Unknown,Unknown,Unknown,Unknown,Unknown,Unknown,Unknown,"2024-08-18 14:00:45"
